{"cameraMode":{"drawMode":0,"name":"Shaded","section":"Shading Mode"},"sceneLighting":true,"audioPlay":false,"sceneViewState":{"m_AlwaysRefresh":false,"showFog":true,"showSkybox":true,"showFlares":true,"showImageEffects":true,"showParticleSystems":true,"showVisualEffectGraphs":true,"m_FxEnabled":true},"in2DMode":false,"pivot":{"x":-0.004127616994082928,"y":1.0949351787567139,"z":-0.021009618416428567},"rotation":{"x":-0.35966020822525027,"y":-0.04309011623263359,"z":0.01663072034716606,"w":-0.9319165945053101},"size":9.636378288269043,"orthographic":true}